,transition,n1,l1,j1,mj1,n2,l2,j2,mj2,temp,wavelength in nm for Rb,freq in Hz for Rb,Transition Rate (Hz) with BBR for Rb,Transition Rate at (Hz) 0.1K for Rb
0,5P_{1.5} -> 5S_{0.5},5,1,1.5,1.5,5,0,0.5,0.5,298.15,-780.2415056628226,-384230338714579.7,38113155.8268854,38113155.8268854
0,59D_{2.5} -> 5P_{1.5},59,2,2.5,2.5,5,1,1.5,1.5,298.15,-479.81792087839483,-624804628912515.0,2737.327923207693,2737.327923207693
0,60P_{1.5} -> 59D_{2.5},60,1,1.5,1.5,59,2,2.5,2.5,298.15,29324326.76944436,10223336424.977386,595.9934288938571,0.0
