,name,n,l,j,mj,Rubidium85 in s
0,5S_{0.5},5,0,0.5,0.5,2.6192666683264993e+18
0,5P_{1.5},5,1,1.5,1.5,2.6237659367335267e-08
